{
    "source": "mockoon:1.11.0",
    "data": [
        {
            "type": "environment",
            "item": {
                "uuid": "",
                "lastMigration": 13,
                "name": "KinoMonstr",
                "endpointPrefix": "",
                "latency": 0,
                "port": 3009,
                "routes": [
                    {
                        "uuid": "",
                        "documentation": "",
                        "method": "get",
                        "endpoint": "",
                        "responses": [
                            {
                                "uuid": "",
                                "body": "[\r\n  {\r\n    \"classFilm\": \"interstellar\",\r\n    \"title\": \"Интерстеллар\",\r\n    \"src\" : \"https://www.youtube.com/embed/6ybBuTETr3U\",\r\n    \"description\": \"Когда засуха приводит человечество к продовольственному кризису, коллектив исследователей и учёных отправляется сквозь червоточину (которая предположительно соединяет области пространства-времени через большое расстояние) в путешествие, чтобы превзойти прежние ограничения для космических путешествий человека и переселить человечество на другую планету.\",\r\n    \"year\": \"2014\",\r\n    \"raiting\": \"8.9\",\r\n    \"producer\": \"Кристофер Нолан\"\r\n  },\r\n  {\r\n    \"classFilm\": \"matrix\",\r\n    \"title\": \"Матрица\",\r\n    \"src\" : \"https://www.youtube.com/embed/YihPA42fdQ8\",\r\n    \"description\": \"Рядовой сотрудник крупной компании, программист Томас Андерсон странным образом чувствует зыбкость окружающей реальности. По ночам он ведет тайную жизнь хакера по имени Нео, на связь с которым однажды выходят таинственные люди. Они сообщают ему, что тот «увяз в Матрице», но не объясняют, что это значит. Вскоре на Томаса выходят странные люди в костюмах, удивительным образом управляющие окружающей реальностью, а позднее Томас встречается с таинственным Морфеусом, которого власти объявили террористом. Морфеус предлагает Томасу узнать, что такое «Матрица»: для этого он должен проглотить красную таблетку. Если же Томас желает вернуться к обычной жизни и забыть обо всех происходивших с ним странностях, он выберет синюю таблетку. Томас решает узнать больше о «Матрице», и его жизнь полностью меняется. Теперь он – Нео, избранный, вырвавшийся из иллюзорного мира и примкнувший к группе людей, живущих в настоящей реальности и борющейся с машинами, захватившими власть и заточившими людей в плен «Матрицы». \",\r\n    \"year\": \"1999\",\r\n    \"raiting\": \"8.4\",\r\n    \"producer\": \"Энди Вачовски, Лана Вачовски\"\r\n  },\r\n   {\r\n    \"classFilm\": \"cloud\",\r\n    \"title\": \"Облачный атлас\",\r\n    \"src\" : \"https://www.youtube.com/embed/K2VtiZSvwuo\",\r\n    \"description\": \"«Облачный атлас» подобен зеркальному лабиринту, в котором перекликаются, наслаиваясь друг на друга, шесть голосов: нотариуса середины девятнадцатого века, возвращающегося в США из Австралии; молодого композитора, вынужденного торговать душой и телом в Европе между мировыми войнами; журналистки в Калифорнии 1970-х, раскрывающей корпоративный заговор; мелкого издателя — нашего современника, умудрившегося сорвать банк на бандитской автобиографии «Удар кастетом» и бегущего от кредиторов; клона-прислуги из предприятия быстрого питания в Корее — стране победившего киберпанка; и гавайского козопаса на закате цивилизации.\",\r\n    \"year\": \"2012\",\r\n    \"raiting\": \"8.1\",\r\n    \"producer\": \"Том Тиквер\"\r\n  },\r\n   {\r\n    \"classFilm\": \"madMax\",\r\n    \"title\": \"Безумный Макс: Дорога ярости\",\r\n    \"src\" : \"https://www.youtube.com/embed/yuJf6E_Gq5c\",\r\n    \"description\": \"Вскоре после отмщения за смерть жены и сына, Макс Рокатански покинул ряды «Основного силового патруля» и уехал в глушь, где скитается в одиночестве, пока мир медленно падает в последствии нефтяного кризиса и глобальной войны. Не имея ничего, кроме своей машины «Перехватчик», Максу предстоит научиться, как выжить в пост-апокалиптической пустоши и сражаться с жестокими, безжалостными воинами, которые населяют её.\",\r\n    \"year\": \"2015\",\r\n    \"raiting\": \"8.4\",\r\n    \"producer\": \"Джордж Миллер\"\r\n  },\r\n   {\r\n    \"classFilm\": \"xfiles\",\r\n    \"title\": \"Секретные материалы (11 сезон)\",\r\n    \"src\" : \"https://www.youtube.com/embed/lzPH8YsNeJg\",\r\n    \"description\": \"Государством был разработан уникальный проект, получивший название Секретные материалы. Над ним работают двое специалистов, главные герои кинокартины. Их имена Фокс Малдер и Дана Скалли. В поле зрения этой пары попадают дела, которые за долгие годы не сумели раскрыть специалисты Федерального Бюро Расследований. Фокс и Дана постоянно вовлекаются в расследования, которые имеют отношение к странностям, таким как нападение вампиров, пришельцев или же мутантов.Малдер всегда верил в то, что человечество не одно в этом мире. Он знает, что где-то рядом живут пришельцы, время от времени вмешивающиеся в жизнь простых людей. Об этом главный герой сериала «Секретные материалы» неоднократно говорил своей напарнице по расследованиям. Однако Скалли скептически относится к словам коллеги. Из-за этого у них постоянно случаются конфликты.\",\r\n    \"year\": \"2018\",\r\n    \"raiting\": \"8.4\",\r\n    \"producer\": \"Крис Картер, Джеймс Вонг\"\r\n  },\r\n   {\r\n    \"classFilm\": \"silicon\",\r\n    \"title\": \"Кремниевая долина (1 сезон)\",\r\n    \"src\" : \"https://www.youtube.com/embed/v-qNDWzclrw\",\r\n    \"description\": \"Программист-интроверт Ричард и его приятели никуда не денутся - пока уникальный алгоритм поиска на его веб-сайте не станет предметом жесткой войны ставок.\",\r\n    \"year\": \"2014\",\r\n    \"raiting\": \"8.2\",\r\n    \"producer\": \" Майк Джадж Алек Берг\"\r\n    },\r\n   {\r\n    \"classFilm\": \"dead\",\r\n    \"title\": \"Ходячие Мертвецы 1 Сезон\",\r\n    \"src\" : \"https://www.youtube.com/embed/SAiosqlJ8qE\",\r\n    \"description\": \"Сериал рассказывает историю жизни семьи шерифа после того, как «зомби» — эпидемия апокалиптических масштабов захлестнула земной шар. Шериф Рик Граймс путешествует со своей семьей и небольшой группой выживших в поисках безопасного места для жизни. Но постоянный страх смерти каждый день приносит тяжелые потери, заставляя героев почувствовать глубины человеческой жестокости. Рик пытается спасти свою семью, и открывает для себя, что всепоглощающий страх тех, кто выжил, может быть опаснее бессмысленных мертвецов, бродящих по земле.\",\r\n    \"year\": \"2010\",\r\n    \"raiting\": \"8.0\",\r\n    \"producer\": \"Грег Никотеро, Гай Ферленд\"\r\n  }\r\n]\r\n  \r\n \r\n  \r\n  \r\n  ",
                                "latency": 0,
                                "statusCode": 200,
                                "label": "",
                                "headers": [
                                    {
                                        "key": "",
                                        "value": ""
                                    }
                                ],
                                "filePath": "",
                                "sendFileAsBody": false,
                                "rules": [
                                    {
                                        "target": null,
                                        "modifier": null,
                                        "value": null,
                                        "isRegex": false
                                    }
                                ],
                                "rulesOperator": "OR",
                                "disableTemplating": false
                            }
                        ],
                        "enabled": true,
                        "randomResponse": false
                    },
                    {
                        "uuid": "",
                        "documentation": "",
                        "method": "get",
                        "endpoint": "news",
                        "responses": [
                            {
                                "uuid": "",
                                "body": "[{\n  \n  \"id\": \"news\",\n  \"class\": \"descriptionCinemaFlash\",\n  \"title\": \"Что ждать от 'Флэша'?\",\n  \"img\": \"img/flash.jpg\",\n  \"description\": \"Несмотря на то, что Флэш является быстрейшим персонажем DC Comics, до кинотеатров с сольником за пазухой бедняга добежит только в июне 2022 года. А это значит, у нас есть предостаточно времени, чтобы поразмышлять и пофантазировать на тему, что ждет нас в супергероическом дебюте Андреса Мускетти. Известно, что история картины будет вдохновлена сюжетной аркой 'Flashpoint', выпущенной в печать в 2011 году. В ней Барри Аллен просыпается в реальности, где у него нет суперскорости, мать жива, а, следовательно, и отца по ошибке не посадили за решётку за её убийство. Ура? Нет. Мир сотрясает война на истребление между цивилизациями Амазонок и Атлантийцев, а единственный, кто мог разрулить конфликт, главный защитник Земли – криптонец Кал-Эл – младенцем попал не в заботливые руки четы Кент, а изолированную от солнечного света камеру для пришельцев. А все мы знаем, что без жёлтого светила Супермен совсем не супер. Главным ковбоем США вместо него является Киборг, а Бэтмен хоть и стоит на страже Готэма, но после встречи с ним преступники частенько отправляются не в Аркхем, а городской морг. Быть может, потому что там проходил практику будущий доктор Томас Уэйн? Да, именно он в этой вселенной 'отрастил' уши Бэтмена, ведь в переулке пуля грабителя оборвала жизнь не его, а юного Брюса. Жена миллиардера Марта тоже выжила, но гибель сына сделала с её рассудком то же, что падение в чан с химикатами с будущим Джокером. Собственно, клоуном-убийцей (привет 'Оно' Мускетти) в итоге она и стала.Вот такими пирогами с грибами пришлось давиться Барри, пока он не вернул всё на круги своя, перезапустив тамлайн. Самое главное: всё случившееся – дело ног самого скорохода, который решил вернуться в прошлое и предотвратить убийство матери. А за такие чит-коды, как вы понимаете, в комиксах наказывают на раз. Углубляться в сюжет 'Flashpoint’' не будем, тем паче, что продюсер будущего фильма, сестра режиссера Барбара Мускетти уточнила, что события 'Флэша' не будут четко следовать первоисточнику. Зато мы знаем, кто из уже знакомых зрителю персонажей точно появится в кинокомиксе. Бэтмен Бена Аффлека. Наверняка его участие ограничится камео в конце фильма. Барри исправив все, что натворил, вернется в отчую реальность и забежит на минутку в пещеру к Брюсу, где передаст тому письмо от отца. Бен выдавит слезу, похлопает спидстера по плечу и на этом все. Но такой расклад возможен, если сюжет будет хоть отдаленно напоминать комиксовый. При ином сценаристы могут ограничить его участие пошивом нового костюма для главного героя, но подробнее об этом – ниже. Бэтмен Майкла Китона Маловероятно, что актер сыграет Томаса Уэйна, и, скорее всего, предстанет в роли Брюса из параллельного 'бертоновского' мира, куда Флэш попадет, заплутав во времени и пространстве. Кстати, в недавнем трейлере 'Лиги справедливости Зака Снайдера' есть интересный момент, в котором человек-молния бежит по пространственно-временному тоннелю, а под его ногами расходятся круги от появления материальной текстуры, похожей на землю. Не 'засветили' ли нам рождение той самой параллельной реальности? Точно известно, что кто-то из двух Бэтменов сделает спидстеру новый костюм. Вряд ли свой 'Зингер' расчехлит герой Китона, ведь это может произойти лишь, если протагонист окажется в его Готэме в гражданском или каким-то образом останется без фирменного look’а в ходе заварушки. Первый вариант сомнителен, поскольку без костюма Флэш по делам в спидфорс не бегает, а второй просто выглядит нелогичным. Есть еще третий расклад – спидстер просыпается в новом мире в том, чем в любимую лабораторию ходит. Но он подходит исключительно для сюжета из комикса, так что – мимо. Бросаю фишку на то, что новый шмот Аллену подгонит Бэтфлек в начале ленты. Вообще прискорбно, если авторы картины не включат в сюжет линию Томаса Уэйна-мстителя. В комиксе Бэтмен старший помог Флэшу вернуть его суперспособности (это отдельная история не для слабонервных) и поймать (кто сказал убить?) спидстера-антагониста Эобарда Тоуна, которого Барри считал виновным в перезагрузке реальности. На сердце тает сахарок от мысли, как здорово мог бы воплотить его на плёнке Джеффри Дин Морган. Но это лирическое отступление, а нас интересует роль Бэтмена Китона в сюжете чужого сольника. Можно предположить, что на какое-то время спидстеру придётся задержаться на его малой родине, допустим, из-за «разрядки батарейки», а добрый Бэтс, разобравшись в ситуации, сдюжит ему в разрешении проблемы. А может всё окажется чуть проще и Флэшу просто потребуются выдающиеся детективные способности мастера Уэйна. Киборг Рэя Фишера. Одно из двух: либо он предстанет тем самым номером один на службе президента США в неправильном альтернативном мире, либо его роль ограничится сиюминутным появлением. Неуверенно ставлю на первое, ведь надо как-то Уорнерам успокаивать обиженного на студию борца за справедливость. В таком случае Киборг поможет Барри освободить из заточения криптонца, но об участии в фильме Генри Кавилла никто не заикался. Аквамен Джейсона Момоа и Чудо-женщина Галь Гадот. Именно их присутствие в касте укрепляет веру, в то, что нам посчастливиться увидеть в фильме противостояние двух 'стихий'. Зачем они нужны во 'Флэше', кроме как обоюдного кровопускания, решительно непонятно. Но все же вера эта слаба, как киносборы во время пандемии. Просто не верится, что Уорнеры осмелятся показать Артура и Диану такими же жесткосердечными отморозками, которыми они предстали во 'Флэшпоинте' (там, на секундочку, дочь Зевса отрубила голову Мере, а Аквамен стирает прибрежные города людишек десятками). А если смягчить характеры, их конфликт будет выглядеть притянутым за уши. А теперь самое время вспомнить еще одни слова супруги постановщика: 'Что ж, я хочу, чтобы вы его посмотрели, поэтому я не буду вам много рассказывать. Но я скажу вам, что это крутое приключение. Это будет весело и захватывающе, и в фильме много персонажей DC. Флэш – главный герой этого фильма, потому что он мост между всеми этими персонажами и таймлайнами. И в каком-то смысле фильм все перезапускает, не забывая о том, что было ранее'. Барбара ясно выразилась – недостатка супергероев в фильме не будет. Это значит, что свой кусок или хотя бы крошки сюжета получат все старые знакомые из DCEU. Будут ли они связаны между собой нитками причин и следствий, не ясно, но не обязательно. Сценаристы могут намудрить такого, что Эзра Миллер будет бегать от героев к героиням по реальностям весь фильм. Например, в погоне за главгадом в лице Обратного Флэша. Но не стоит забывать про авторитет автора 'Flashpoint' Джеффа Джонса, которому вполне под силу продавить свою историю. Насчет упомянутого перезапуска все, пожалуй, ясно. Скорее всего, смысл слов в том, что зрителям представят новую и главную фишку DC – мультивселенную. Благодаря ей, старые, не оправдавшие надежд студии, фильмы можно просто игнорировать, а любимых героев кидать в одну песочницу, в независимости от времени и места обитания. Удобно, ничего не попишешь.\",\n  \"autor\": \"Dronsky\"},\n  \n  {\"id\": \"news\",\n  \"class\": \"descriptionCinemaInterstellar\",\n  \"title\": \"Как снимали Интерстеллар?\",\n  \"img\": \"img/interstellar-description.jpg\",\n  \"description\": \"<p>45 лет исполнилось Кристоферу Нолану — одному из самых успешных режиссеров нашего времени, чьи                             работы одинаково любимы как взыскательными критиками, так и простыми зрителями. Фильмом                             изначально занималась студия Paramount. Когда Кристофер Нолан занял место режиссера,                             студия                            Warner Bros., которая выпускала его последние фильмы, добилась участия в проекте.                        На производство фильма было потрачено $165 млн, причем потрачено не зря: кассовые сборы                            картины                            по всему миру уже втрое окупили указанный бюджет.                         Работавшие над «Интерстелларом» отмечали фанатичный энтузиазм режиссер Кристофер Нолана.                        Он                            ничего не делал вполсилы и умел заразить своим рвением других. Джессика Честейн,                          сыгравшая                            дочку                            главного героя-летчика, например, вспоминала, что во время съемок у нее было чувство,                           что                           просто                            очень не хочется расстраивать Нолана, потому она не могла позволить себе капризничать                            или                            отказываться от какой-то работы.                        Непосредственно съемки «Интерстеллара» заняли четыре месяца. При этом Кристофер Нолан                           любит                            работать быстро. Стандартный съемочный день у него длился 12 часов: с 7 утра до 7                          вечера с                            перерывом на ланч. Режиссер практически не отвлекался от работы и, если его мучила                          жажда, то                            доставал флягу с чаем из кармана, не отрывая взгляд от происходящего на площадке.                          Окружающие                          не                            сразу узнали, что содержится в фляге, и актера Майкл Кейн (профессор Брэнд) однажды                            даже                            спросил                            у Нолана: «Там что, водка?».                         Показателен такой случай со съемок. Пейзажи для одной из планет, где                            высаживаются герои,                            были                            найдены в Исландии. Туда весной 2013 года Кристофер Нолан поехал на разведку                            вместе с                            командой.                            В то место, где режиссер рассчитывал найти подходящую ледяную поверхность, было                            невозможно                            проехать на авто. Нолану и его товарищам пришлось четыре-пять километров пройти                            пешком. Пока                            они                            не обнаружили озеро, центр которого обледенел. Все стояли и смотрели на водоем,                            как Нолан                            вдруг                            разулся, снял носки и зашел в воду. Его команда минуту помедлила и последовала                            примеру                            режиссера, мало что понимая. Оказалось, что режиссер хотел ближе рассмотреть                            льдину, которая                            в                            итоге так и не подошла для съемок. Но ноги у съемочной группы были промочены.                         Секретность, в условиях которой готовился «Интерстеллар» стала притчей во                            языцех. Не всем                            актерам было разрешено оставить у себя сценарий после ознакомительного                            прочтения. Кейну,                            напротив, оставили распечатки, но на каждой странице было напечатано его имя,                            чтобы в случае                            утечки текста, можно было понять, с чъего экземпляра сделали копию.                        Сотрудничество съемочной группы с астрофизиком Кипом Торном заключалось не просто                            в советах,                            что                            верно с точки зрения науки, а что нет. Супервайзер по визуальным эффектам Пол                            Франклин                            запросил                            у ученого информацию о том, где и как искривляется свет, как могут выглядеть                            черные дыры и                            пространство вокруг них и так далее. Торн прислали много страниц разъяснений с                            кучей формул                            и т.                            п. Формулы в частности понадобились, чтобы ввести необходимые параметры в                            программы для                            создания                            визуальных эффектов. Когда дизайнеры рисовали аккреционный диск, то введя                            параметры, данные                            Торпом, сначала решили, что в программе рендеринга была какая-то ошибка:                            свечение                            искривилось.                            Но когда готовую работу увидел ученый, он был поражен, насколько наглядно и                            точно согласно                            его                            расчетам дизайнеры изобразили черную дыру: диск и должен был искривляться из-за                            искривления                            пространства возле черной дыры.                        Задача дизайнеров от помощи Кипа Торпа все равно не упростилась. Отдельные кадры                            «Интерстеллара»                            приходилось рендерить (получать изображение после обработки) по 100 часов. Вес                            видеофайла с                            готовым «Интерстелларом» в итоге достиг 800 терабайтов.                            В «Интерстелларе» есть очень странный по дизайну робот-помощник — ТАРС. Он                            выглядит как                            темный                            параллелепипед, у которого могут выдвигаться части блока (так называемые                            «пальцы» ТАРСа, их                            всего четыре), позволяя роботу двигаться и обретать другую форму. Когда Нолан                            готовил фильм,                            он                            захотел показать модель ТАРСа своим детям. Ребятня была крайне разочарована:                            «Это же не                            робот,                            это коробка». Но когда режиссер оставил детей поиграть с роботом, то заметил,                            что вскоре они                            пришли в восторг, открывая разные панели, двигая элементы блока и т. д.                        Внешним обликом ТАРСа Нолан занимался вместе с продакшен-дизайнером Нэйтаном                            Кроули. В                            фильме мы                            видим, как робот может принимать три формы (кроме обычного монолитного                            состояния). Но                            изначально                            для него были придуманы еще два положения. Для съемок были сконструированы                            восемь роботов, и                            процентов 80 кадров с ТАРСом сняты вживую, а не нарисованы на компьютере.                            Вес робота достигал 90 кг. Каркас его был сделан из алюминия, корпус — пластины                            из                            нержавеющей                            стали. Чтобы сделать одного ТАРСа, у команды специалистов по спецэффектам                            уходило шесть                            недель и                            $20 тыс. Но если бы такой робот существовал в действительности, то цена его была                            бы гораздо                            дороже.                        Несмотря на затраченные усилия на создание робота, он оказался неидеальным.                            Например, во                            время                            съемок в Исландии (местность там «сыграла роль» планеты с большими волнами) два                            ТАРСа просто                            заржавели в воде. Кстати, человеку, отвечавшему за контроль над роботами, также                            пришлось                            торчать                            в ледяной воде все время, пока делали кадры с роботом.                        Работая над трилогией о Темном рыцаре, Нолан слепил модель бэтмобиля с помощью                            детского                            набора                            для творчества и так представил свое видение дизайнерам. Чтобы создать космические                            корабли                            для                            «Интерстеллара», пластилин уже не понадобился, но миниатюрные модели, все, же были                            сделаны.                            На                            маленьких моделях можно было проверить, как будет падать свет на корабли в фильме и                            другие                            физические особенности.                        Корабль «Эндьюренс» был продуман досконально. Выглядит он как диск диаметром с                            современный                            космический шаттл. Диск вращается 5 раз в минуту, создавая искусственную гравитацию                            для                            пассажиров. «Эндьюранс» задуман так, что может использоваться и как станция на                            случай, если                            космонавты останутся на другой планете. К кораблю прикреплены еще четыре                            дополнительных                            транспорта — для высадки при разных условиях. Так называемые «лэндеры» перевозят                            тяжелые                            грузы с                            «Эндьюренса» на поверхность планеты, а «рейнджеры» могут быстро перемещаться для                            разведки                            территорий.                        «Интерстеллар» был снят в формате IMAX (на пленку шириной 70 мм) и на стандартную                            пленку 35                            мм.                            Причем первым способом было сделано около часа конечного хронометража фильма. Что                            интересно,                            Нолан решил, что все кадры можно снять одной камерой, а не несколькими одновременно,                            как это                            часто делается. Казалось бы, так удобнее для оператора, в первую очередь. На деле                            же, пыткой                            было снимать на IMAX-камеру — она была ручная и невероятно тяжелая.                        Готовый фильм «Интерстеллар» длится чуть меньше трех часов, но он не идеален для                            Нолана.                            Потому                            в мае следующего года выйдет режиссерская версия картины. Правда, неизвестно,                            расставит ли                            этот вариант все точки над «і» в долгих дискуссиях о продуманности «Интерстеллара». \",\n  \"autor\": \"Юлия Кузнецова\"}\n  \n  ]",
                                "latency": 0,
                                "statusCode": 200,
                                "label": "",
                                "headers": [
                                    {
                                        "key": "",
                                        "value": ""
                                    }
                                ],
                                "filePath": "",
                                "sendFileAsBody": false,
                                "rules": [],
                                "rulesOperator": "OR",
                                "disableTemplating": false
                            }
                        ],
                        "enabled": true,
                        "randomResponse": false
                    }
                ],
                "proxyMode": false,
                "proxyHost": "",
                "https": false,
                "cors": true,
                "headers": [
                    {
                        "key": "Content-Type",
                        "value": "application/json"
                    },
                    {
                        "key": "Access-Control-Allow-Origin",
                        "value": "*"
                    },
                    {
                        "key": "Access-Control-Allow-Methods",
                        "value": "GET,POST,PUT,PATCH,DELETE,HEAD,OPTIONS"
                    },
                    {
                        "key": "Access-Control-Allow-Headers",
                        "value": "Content-Type, Origin, Accept, Authorization, Content-Length, X-Requested-With"
                    }
                ],
                "proxyReqHeaders": [
                    {
                        "key": "",
                        "value": ""
                    }
                ],
                "proxyResHeaders": [
                    {
                        "key": "",
                        "value": ""
                    }
                ]
            }
        }
    ]
}